{"assets/audios/favicon.png":["assets/audios/favicon.png"],"assets/fonts/.DS_Store":["assets/fonts/.DS_Store"],"assets/fonts/Atyp/Atyp.ttf":["assets/fonts/Atyp/Atyp.ttf"],"assets/fonts/AvenirNextCyr/AvenirNextCyr-Bold.ttf":["assets/fonts/AvenirNextCyr/AvenirNextCyr-Bold.ttf"],"assets/fonts/AvenirNextCyr/AvenirNextCyr-BoldItalic.ttf":["assets/fonts/AvenirNextCyr/AvenirNextCyr-BoldItalic.ttf"],"assets/fonts/AvenirNextCyr/AvenirNextCyr-Demi.ttf":["assets/fonts/AvenirNextCyr/AvenirNextCyr-Demi.ttf"],"assets/fonts/AvenirNextCyr/AvenirNextCyr-DemiItalic.ttf":["assets/fonts/AvenirNextCyr/AvenirNextCyr-DemiItalic.ttf"],"assets/fonts/AvenirNextCyr/AvenirNextCyr-Heavy.ttf":["assets/fonts/AvenirNextCyr/AvenirNextCyr-Heavy.ttf"],"assets/fonts/AvenirNextCyr/AvenirNextCyr-HeavyItalic.ttf":["assets/fonts/AvenirNextCyr/AvenirNextCyr-HeavyItalic.ttf"],"assets/fonts/AvenirNextCyr/AvenirNextCyr-Italic.ttf":["assets/fonts/AvenirNextCyr/AvenirNextCyr-Italic.ttf"],"assets/fonts/AvenirNextCyr/AvenirNextCyr-LightItalic.ttf":["assets/fonts/AvenirNextCyr/AvenirNextCyr-LightItalic.ttf"],"assets/fonts/AvenirNextCyr/AvenirNextCyr-Medium.ttf":["assets/fonts/AvenirNextCyr/AvenirNextCyr-Medium.ttf"],"assets/fonts/AvenirNextCyr/AvenirNextCyr-MediumItalic.ttf":["assets/fonts/AvenirNextCyr/AvenirNextCyr-MediumItalic.ttf"],"assets/fonts/AvenirNextCyr/AvenirNextCyr-Regular.ttf":["assets/fonts/AvenirNextCyr/AvenirNextCyr-Regular.ttf"],"assets/fonts/AvenirNextCyr/AvenirNextCyr-Thin.ttf":["assets/fonts/AvenirNextCyr/AvenirNextCyr-Thin.ttf"],"assets/fonts/AvenirNextCyr/AvenirNextCyr-ThinItalic.ttf":["assets/fonts/AvenirNextCyr/AvenirNextCyr-ThinItalic.ttf"],"assets/fonts/AvenirNextCyr/AvenirNextCyr-UltraLight.ttf":["assets/fonts/AvenirNextCyr/AvenirNextCyr-UltraLight.ttf"],"assets/fonts/AvenirNextCyr/AvenirNextCyr-UltraLightIt.ttf":["assets/fonts/AvenirNextCyr/AvenirNextCyr-UltraLightIt.ttf"],"assets/fonts/Bebas/Bebas_Bold.otf":["assets/fonts/Bebas/Bebas_Bold.otf"],"assets/fonts/Bebas/Bebas_Regular.otf":["assets/fonts/Bebas/Bebas_Regular.otf"],"assets/fonts/Gilroy/Gilroy-Bold.ttf":["assets/fonts/Gilroy/Gilroy-Bold.ttf"],"assets/fonts/Gilroy/Gilroy-Extrabold.ttf":["assets/fonts/Gilroy/Gilroy-Extrabold.ttf"],"assets/fonts/Gilroy/Gilroy-Heavy.ttf":["assets/fonts/Gilroy/Gilroy-Heavy.ttf"],"assets/fonts/Gilroy/Gilroy-Medium.ttf":["assets/fonts/Gilroy/Gilroy-Medium.ttf"],"assets/fonts/Gilroy/Gilroy-Regular.ttf":["assets/fonts/Gilroy/Gilroy-Regular.ttf"],"assets/fonts/Gilroy/Gilroy-Semibold.ttf":["assets/fonts/Gilroy/Gilroy-Semibold.ttf"],"assets/fonts/Gilroy/Gilroy-Thin.ttf":["assets/fonts/Gilroy/Gilroy-Thin.ttf"],"assets/fonts/Gilroy/Gilroy-UltraLight.ttf":["assets/fonts/Gilroy/Gilroy-UltraLight.ttf"],"assets/fonts/Lexend Deca-Medium.ttf":["assets/fonts/Lexend Deca-Medium.ttf"],"assets/fonts/favicon.png":["assets/fonts/favicon.png"],"assets/fonts/futura/FuturaPT-Bold.ttf":["assets/fonts/futura/FuturaPT-Bold.ttf"],"assets/fonts/futura/FuturaPT-Book.ttf":["assets/fonts/futura/FuturaPT-Book.ttf"],"assets/fonts/futura/FuturaPT-Demi.ttf":["assets/fonts/futura/FuturaPT-Demi.ttf"],"assets/fonts/futura/FuturaPT-ExtraBold.ttf":["assets/fonts/futura/FuturaPT-ExtraBold.ttf"],"assets/fonts/futura/FuturaPT-Heavy.ttf":["assets/fonts/futura/FuturaPT-Heavy.ttf"],"assets/fonts/futura/FuturaPT-Light.ttf":["assets/fonts/futura/FuturaPT-Light.ttf"],"assets/fonts/futura/FuturaPT-Medium.ttf":["assets/fonts/futura/FuturaPT-Medium.ttf"],"assets/icons/home.png":["assets/icons/home.png"],"assets/icons/home_fill.png":["assets/icons/home_fill.png"],"assets/icons/menu.png":["assets/icons/menu.png"],"assets/icons/menu_bottom.png":["assets/icons/menu_bottom.png"],"assets/icons/search.png":["assets/icons/search.png"],"assets/icons/shopping-bag.png":["assets/icons/shopping-bag.png"],"assets/icons/user.png":["assets/icons/user.png"],"assets/images/Spinner-1s-283px.gif":["assets/images/Spinner-1s-283px.gif"],"assets/images/app_launcher_icon.jpg":["assets/images/app_launcher_icon.jpg"],"assets/images/barcode.png":["assets/images/barcode.png"],"assets/images/download-profile-user-round-orange-icon-symbol-png-11639594360ksf6tlhukf.png":["assets/images/download-profile-user-round-orange-icon-symbol-png-11639594360ksf6tlhukf.png"],"assets/images/error_image.png":["assets/images/error_image.png"],"assets/images/favicon.png":["assets/images/favicon.png"],"assets/images/home.png":["assets/images/home.png"],"assets/images/logo-black.3dd0c1b45c67d12b1064a6cd9bc8bca3.png":["assets/images/logo-black.3dd0c1b45c67d12b1064a6cd9bc8bca3.png"],"assets/images/logo-saudaline-min.png":["assets/images/logo-saudaline-min.png"],"assets/images/logo.png":["assets/images/logo.png"],"assets/images/profile_bg.jpg":["assets/images/profile_bg.jpg"],"assets/images/unnamed.jpg":["assets/images/unnamed.jpg"],"assets/lottie_animations/favicon.png":["assets/lottie_animations/favicon.png"],"assets/pdfs/favicon.png":["assets/pdfs/favicon.png"],"assets/rive_animations/favicon.png":["assets/rive_animations/favicon.png"],"assets/videos/favicon.png":["assets/videos/favicon.png"],"packages/cupertino_icons/assets/CupertinoIcons.ttf":["packages/cupertino_icons/assets/CupertinoIcons.ttf"],"packages/font_awesome_flutter/lib/fonts/fa-brands-400.ttf":["packages/font_awesome_flutter/lib/fonts/fa-brands-400.ttf"],"packages/font_awesome_flutter/lib/fonts/fa-regular-400.ttf":["packages/font_awesome_flutter/lib/fonts/fa-regular-400.ttf"],"packages/font_awesome_flutter/lib/fonts/fa-solid-900.ttf":["packages/font_awesome_flutter/lib/fonts/fa-solid-900.ttf"],"packages/simple_barcode_scanner/assets/barcode.html":["packages/simple_barcode_scanner/assets/barcode.html"],"packages/simple_barcode_scanner/assets/html5-qrcode.min.js":["packages/simple_barcode_scanner/assets/html5-qrcode.min.js"]}