[{"family":"MaterialIcons","fonts":[{"asset":"fonts/MaterialIcons-Regular.otf"}]},{"family":"Gilroy","fonts":[{"asset":"assets/fonts/Gilroy/Gilroy-Thin.ttf"},{"asset":"assets/fonts/Gilroy/Gilroy-UltraLight.ttf"},{"asset":"assets/fonts/Gilroy/Gilroy-Regular.ttf"},{"asset":"assets/fonts/Gilroy/Gilroy-Medium.ttf"},{"asset":"assets/fonts/Gilroy/Gilroy-Semibold.ttf"},{"asset":"assets/fonts/Gilroy/Gilroy-Bold.ttf"},{"asset":"assets/fonts/Gilroy/Gilroy-Extrabold.ttf"},{"asset":"assets/fonts/Gilroy/Gilroy-Heavy.ttf"}]},{"family":"Bebas","fonts":[{"asset":"assets/fonts/Bebas/Bebas_Regular.otf"},{"asset":"assets/fonts/Bebas/Bebas_Bold.otf"}]},{"family":"Avenir","fonts":[{"asset":"assets/fonts/AvenirNextCyr/AvenirNextCyr-Bold.ttf"},{"asset":"assets/fonts/AvenirNextCyr/AvenirNextCyr-BoldItalic.ttf"},{"asset":"assets/fonts/AvenirNextCyr/AvenirNextCyr-Demi.ttf"},{"asset":"assets/fonts/AvenirNextCyr/AvenirNextCyr-DemiItalic.ttf"},{"asset":"assets/fonts/AvenirNextCyr/AvenirNextCyr-Heavy.ttf"},{"asset":"assets/fonts/AvenirNextCyr/AvenirNextCyr-HeavyItalic.ttf"},{"asset":"assets/fonts/AvenirNextCyr/AvenirNextCyr-Italic.ttf"},{"asset":"assets/fonts/AvenirNextCyr/AvenirNextCyr-LightItalic.ttf"},{"asset":"assets/fonts/AvenirNextCyr/AvenirNextCyr-Medium.ttf"},{"asset":"assets/fonts/AvenirNextCyr/AvenirNextCyr-MediumItalic.ttf"},{"asset":"assets/fonts/AvenirNextCyr/AvenirNextCyr-Regular.ttf"},{"asset":"assets/fonts/AvenirNextCyr/AvenirNextCyr-Thin.ttf"},{"asset":"assets/fonts/AvenirNextCyr/AvenirNextCyr-ThinItalic.ttf"},{"asset":"assets/fonts/AvenirNextCyr/AvenirNextCyr-UltraLight.ttf"},{"asset":"assets/fonts/AvenirNextCyr/AvenirNextCyr-UltraLightIt.ttf"}]},{"family":"Atyp","fonts":[{"asset":"assets/fonts/Atyp/Atyp.ttf"}]},{"family":"Futura","fonts":[{"asset":"assets/fonts/futura/FuturaPT-Bold.ttf"},{"asset":"assets/fonts/futura/FuturaPT-Book.ttf"},{"asset":"assets/fonts/futura/FuturaPT-Demi.ttf"},{"asset":"assets/fonts/futura/FuturaPT-ExtraBold.ttf"},{"asset":"assets/fonts/futura/FuturaPT-Heavy.ttf"},{"asset":"assets/fonts/futura/FuturaPT-Light.ttf"},{"asset":"assets/fonts/futura/FuturaPT-Medium.ttf"},{"asset":"assets/fonts/futura/FuturaPT-Bold.ttf"},{"asset":"assets/fonts/futura/FuturaPT-Bold.ttf"},{"asset":"assets/fonts/futura/FuturaPT-Bold.ttf"},{"asset":"assets/fonts/futura/FuturaPT-Bold.ttf"},{"asset":"assets/fonts/futura/FuturaPT-Bold.ttf"}]},{"family":"packages/cupertino_icons/CupertinoIcons","fonts":[{"asset":"packages/cupertino_icons/assets/CupertinoIcons.ttf"}]},{"family":"packages/font_awesome_flutter/FontAwesomeBrands","fonts":[{"weight":400,"asset":"packages/font_awesome_flutter/lib/fonts/fa-brands-400.ttf"}]},{"family":"packages/font_awesome_flutter/FontAwesomeRegular","fonts":[{"weight":400,"asset":"packages/font_awesome_flutter/lib/fonts/fa-regular-400.ttf"}]},{"family":"packages/font_awesome_flutter/FontAwesomeSolid","fonts":[{"weight":900,"asset":"packages/font_awesome_flutter/lib/fonts/fa-solid-900.ttf"}]}]